Sem.,Día,Fecha,Hora,Local,xG,Marcador,xG,Visitante,Asistencia,Sedes,Árbitro,Informe del partido,Notas
1,Vie,2021-08-13,21:00,Valencia,1.2,1–0,1.4,Getafe,9868,Estadio de Mestalla,Jesús Gil,Informe del partido,
1,Sáb,2021-08-14,19:30,Mallorca,0.6,1–1,0.8,Betis,6279,Iberostar Estadi,Antonio Matéu Lahoz,Informe del partido,
1,Sáb,2021-08-14,19:30,Cádiz,0.6,1–1,1.1,Levante,6941,Estadio Nuevo Mirandilla,Santiago Jaime,Informe del partido,
1,Sáb,2021-08-14,22:00,Alavés,1.7,1–4,2.1,Real Madrid,3968,Estadio de Mendizorroza,César Soto,Informe del partido,
1,Sáb,2021-08-14,22:00,Osasuna,0.9,0–0,0.8,Espanyol,6715,Estadio El Sadar,Miguel Ángel Ortiz Arias,Informe del partido,
1,Dom,2021-08-15,17:30,Celta Vigo,2.3,1–2,1.9,Atlético Madrid,5401,Estadio de Balaídos,José Luis Munuera,Informe del partido,
1,Dom,2021-08-15,20:00,Barcelona,3.1,4–2,1.1,Real Sociedad,20384,Camp Nou,Alejandro Hernández,Informe del partido,
1,Dom,2021-08-15,22:15,Sevilla,3.9,3–0,0.6,Rayo Vallecano,13962,Estadio Ramón Sánchez Pizjuán,Isidro Díaz de Mera,Informe del partido,
1,Lun,2021-08-16,20:00,Villarreal,1.3,0–0,0.4,Granada,7837,Estadio de la Cerámica,Pablo González,Informe del partido,
1,Lun,2021-08-16,22:00,Elche,1.0,0–0,0.7,Athletic Club,9145,Estadio Manuel Martínez Valero,Adrián Cordero,Informe del partido,
,,,,,,,,,,,,,
2,Vie,2021-08-20,21:00,Betis,1.4,1–1,1.5,Cádiz,23745,Estadio Benito Villamarín,Valentín Pizarro,Informe del partido,
2,Sáb,2021-08-21,17:00,Alavés,0.7,0–1,1.0,Mallorca,2896,Estadio de Mendizorroza,Alejandro Muñíz,Informe del partido,
2,Sáb,2021-08-21,19:30,Espanyol,1.3,0–0,0.7,Villarreal,11095,RCDE Stadium,Jorge Figueroa,Informe del partido,
2,Sáb,2021-08-21,19:30,Granada,1.0,1–1,1.9,Valencia,6267,Estadio Nuevo Los Cármenes,Carlos del Cerro,Informe del partido,
2,Sáb,2021-08-21,22:00,Athletic Club,1.5,1–1,1.4,Barcelona,9394,San Mamés,Juan Martínez,Informe del partido,
2,Dom,2021-08-22,17:00,Real Sociedad,1.9,1–0,0.6,Rayo Vallecano,7652,Estadio Municipal de Anoeta,Santiago Jaime,Informe del partido,
2,Dom,2021-08-22,19:30,Atlético Madrid,1.1,1–0,0.2,Elche,24926,Estadio Wanda Metropolitano,Ricardo de Burgos,Informe del partido,
2,Dom,2021-08-22,22:00,Levante,2.3,3–3,1.9,Real Madrid,9838,Estadio Ciudad de Valencia,Guillermo Cuadra,Informe del partido,
2,Lun,2021-08-23,20:00,Getafe,0.6,0–1,1.3,Sevilla,4810,Coliseum Alfonso Pérez,José Sánchez,Informe del partido,
2,Lun,2021-08-23,22:00,Osasuna,2.0,0–0,0.2,Celta Vigo,7189,Estadio El Sadar,Alberola Rojas,Informe del partido,
,,,,,,,,,,,,,
3,Vie,2021-08-27,20:00,Mallorca,1.0,1–0,0.5,Espanyol,7529,Iberostar Estadi,Isidro Díaz de Mera,Informe del partido,
3,Vie,2021-08-27,22:15,Valencia,1.7,3–0,0.5,Alavés,10627,Estadio de Mestalla,Miguel Ángel Ortiz Arias,Informe del partido,
3,Sáb,2021-08-28,17:00,Celta Vigo,1.1,0–1,1.2,Athletic Club,5492,Estadio de Balaídos,Antonio Matéu Lahoz,Informe del partido,
3,Sáb,2021-08-28,19:30,Real Sociedad,1.4,1–0,0.2,Levante,7758,Estadio Municipal de Anoeta,José Luis Munuera,Informe del partido,
3,Sáb,2021-08-28,19:30,Elche,0.6,1–1,1.6,Sevilla,10385,Estadio Manuel Martínez Valero,Valentín Pizarro,Informe del partido,
3,Sáb,2021-08-28,22:00,Betis,0.9,0–1,1.1,Real Madrid,22590,Estadio Benito Villamarín,Alejandro Hernández,Informe del partido,
3,Dom,2021-08-29,17:00,Barcelona,1.2,2–1,0.4,Getafe,26543,Camp Nou,Pablo González,Informe del partido,
3,Dom,2021-08-29,19:30,Rayo Vallecano,2.2,4–0,0.6,Granada,583,Estadio del Rayo Vallecano,Jesús Gil,Informe del partido,
3,Dom,2021-08-29,19:30,Cádiz,1.7,2–3,2.5,Osasuna,7452,Estadio Nuevo Mirandilla,Adrián Cordero,Informe del partido,
3,Dom,2021-08-29,22:00,Atlético Madrid,2.2,2–2,0.5,Villarreal,26840,Estadio Wanda Metropolitano,César Soto,Informe del partido,
,,,,,,,,,,,,,
4,Sáb,2021-09-11,18:30,Levante,1.1,1–1,2.4,Rayo Vallecano,12974,Estadio Ciudad de Valencia,Alberola Rojas,Informe del partido,
4,Sáb,2021-09-11,21:00,Athletic Club,1.8,2–0,0.3,Mallorca,14566,San Mamés,Jorge Figueroa,Informe del partido,
4,Dom,2021-09-12,14:00,Espanyol,0.5,1–2,1.0,Atlético Madrid,15321,RCDE Stadium,Juan Martínez,Informe del partido,
4,Dom,2021-09-12,16:15,Osasuna,0.7,1–4,0.9,Valencia,13940,Estadio El Sadar,Ricardo de Burgos,Informe del partido,
4,Dom,2021-09-12,18:30,Cádiz,0.3,0–2,2.2,Real Sociedad,11826,Estadio Nuevo Mirandilla,Alejandro Muñíz,Informe del partido,
4,Dom,2021-09-12,21:00,Real Madrid,3.1,5–2,1.6,Celta Vigo,19874,Estadio Santiago Bernabéu,José Sánchez,Informe del partido,
4,Lun,2021-09-13,20:00,Getafe,0.5,0–1,0.7,Elche,6853,Coliseum Alfonso Pérez,Mario Melero,Informe del partido,
4,Lun,2021-09-13,22:00,Granada,0.7,1–2,2.5,Betis,10201,Estadio Nuevo Los Cármenes,Guillermo Cuadra,Informe del partido,
,,,,,,,,,,,,,
5,Vie,2021-09-17,21:00,Celta Vigo,1.2,1–2,1.1,Cádiz,6754,Estadio de Balaídos,Isidro Díaz de Mera,Informe del partido,
5,Sáb,2021-09-18,14:00,Rayo Vallecano,2.3,3–0,1.2,Getafe,3280,Estadio del Rayo Vallecano,Adrián Cordero,Informe del partido,
5,Sáb,2021-09-18,16:15,Atlético Madrid,1.2,0–0,1.1,Athletic Club,38798,Estadio Wanda Metropolitano,Jesús Gil,Informe del partido,
5,Sáb,2021-09-18,18:30,Elche,0.6,1–1,1.7,Levante,11507,Estadio Manuel Martínez Valero,Miguel Ángel Ortiz Arias,Informe del partido,
5,Sáb,2021-09-18,21:00,Alavés,0.6,0–2,1.6,Osasuna,8176,Estadio de Mendizorroza,Alejandro Hernández,Informe del partido,
5,Dom,2021-09-19,14:00,Mallorca,0.7,0–0,1.5,Villarreal,9168,Iberostar Estadi,Carlos del Cerro,Informe del partido,
5,Dom,2021-09-19,16:15,Real Sociedad,1.4,0–0,0.9,Sevilla,23757,Estadio Municipal de Anoeta,Antonio Matéu Lahoz,Informe del partido,
5,Dom,2021-09-19,18:30,Betis,1.9,2–2,1.8,Espanyol,30189,Estadio Benito Villamarín,César Soto,Informe del partido,
5,Dom,2021-09-19,21:00,Valencia,1.4,1–2,1.4,Real Madrid,26689,Estadio de Mestalla,Pablo González,Informe del partido,
5,Lun,2021-09-20,21:00,Barcelona,1.8,1–1,0.7,Granada,27097,Camp Nou,Santiago Jaime,Informe del partido,
,,,,,,,,,,,,,
6,Mar,2021-09-21,19:30,Getafe,0.4,1–2,1.0,Atlético Madrid,8950,Coliseum Alfonso Pérez,Guillermo Cuadra,Informe del partido,
6,Mar,2021-09-21,22:00,Levante,1.5,0–2,0.9,Celta Vigo,11989,Estadio Ciudad de Valencia,Jorge Figueroa,Informe del partido,
6,Mar,2021-09-21,22:00,Athletic Club,0.8,1–2,0.8,Rayo Vallecano,16236,San Mamés,José Luis Munuera,Informe del partido,
6,Mié,2021-09-22,19:30,Sevilla,1.1,3–1,0.4,Valencia,23654,Estadio Ramón Sánchez Pizjuán,José Sánchez,Informe del partido,
6,Mié,2021-09-22,19:30,Espanyol,1.6,1–0,0.5,Alavés,14254,RCDE Stadium,Mario Melero,Informe del partido,
6,Mié,2021-09-22,22:00,Real Madrid,3.2,6–1,1.6,Mallorca,20113,Estadio Santiago Bernabéu,Alberola Rojas,Informe del partido,
6,Mié,2021-09-22,22:00,Villarreal,3.0,4–1,1.2,Elche,8234,Estadio de la Cerámica,Alejandro Muñíz,Informe del partido,
6,Jue,2021-09-23,19:30,Osasuna,0.9,1–3,2.8,Betis,13758,Estadio El Sadar,Juan Martínez,Informe del partido,
6,Jue,2021-09-23,19:30,Granada,1.4,2–3,1.9,Real Sociedad,9552,Estadio Nuevo Los Cármenes,Valentín Pizarro,Informe del partido,
6,Jue,2021-09-23,22:00,Cádiz,1.4,0–0,0.6,Barcelona,12180,Estadio Nuevo Mirandilla,Carlos del Cerro,Informe del partido,
,,,,,,,,,,,,,
7,Sáb,2021-09-25,14:00,Alavés,0.6,1–0,1.1,Atlético Madrid,9836,Estadio de Mendizorroza,Antonio Matéu Lahoz,Informe del partido,
7,Sáb,2021-09-25,16:15,Valencia,1.0,1–1,1.0,Athletic Club,13680,Estadio de Mestalla,Alejandro Hernández,Informe del partido,
7,Sáb,2021-09-25,18:30,Sevilla,1.7,2–0,0.9,Espanyol,23956,Estadio Ramón Sánchez Pizjuán,Pablo González,Informe del partido,
7,Sáb,2021-09-25,21:00,Real Madrid,1.4,0–0,0.7,Villarreal,23985,Estadio Santiago Bernabéu,Jesús Gil,Informe del partido,
7,Dom,2021-09-26,14:00,Mallorca,2.2,2–3,0.9,Osasuna,9359,Iberostar Estadi,Miguel Ángel Ortiz Arias,Informe del partido,
7,Dom,2021-09-26,16:15,Barcelona,3.1,3–0,0.7,Levante,35334,Camp Nou,Isidro Díaz de Mera,Informe del partido,
7,Dom,2021-09-26,18:30,Rayo Vallecano,1.2,3–1,1.0,Cádiz,5903,Estadio del Rayo Vallecano,Ricardo de Burgos,Informe del partido,
7,Dom,2021-09-26,18:30,Real Sociedad,2.4,1–0,0.6,Elche,23941,Estadio Municipal de Anoeta,Adrián Cordero,Informe del partido,
7,Dom,2021-09-26,21:00,Betis,2.3,2–0,0.9,Getafe,29825,Estadio Benito Villamarín,Santiago Jaime,Informe del partido,
7,Lun,2021-09-27,21:00,Celta Vigo,1.4,1–0,0.9,Granada,6375,Estadio de Balaídos,César Soto,Informe del partido,
,,,,,,,,,,,,,
8,Vie,2021-10-01,21:00,Athletic Club,2.2,1–0,1.1,Alavés,28665,San Mamés,Carlos del Cerro,Informe del partido,
8,Sáb,2021-10-02,14:00,Osasuna,0.6,1–0,0.3,Rayo Vallecano,19238,Estadio El Sadar,Mario Melero,Informe del partido,
8,Sáb,2021-10-02,16:15,Mallorca,0.8,1–0,1.2,Levante,11803,Iberostar Estadi,Alejandro Muñíz,Informe del partido,
8,Sáb,2021-10-02,18:30,Cádiz,0.2,0–0,1.4,Valencia,14794,Estadio Nuevo Mirandilla,Valentín Pizarro,Informe del partido,
8,Sáb,2021-10-02,21:00,Atlético Madrid,1.3,2–0,0.9,Barcelona,60594,Estadio Wanda Metropolitano,César Soto,Informe del partido,
8,Dom,2021-10-03,14:00,Elche,1.5,1–0,0.9,Celta Vigo,11299,Estadio Manuel Martínez Valero,José Luis Munuera,Informe del partido,
8,Dom,2021-10-03,16:15,Espanyol,1.5,2–1,2.0,Real Madrid,23377,RCDE Stadium,Guillermo Cuadra,Informe del partido,
8,Dom,2021-10-03,18:30,Getafe,0.7,1–1,0.9,Real Sociedad,8463,Coliseum Alfonso Pérez,Jorge Figueroa,Informe del partido,
8,Dom,2021-10-03,18:30,Villarreal,2.8,2–0,0.7,Betis,16719,Estadio de la Cerámica,José Sánchez,Informe del partido,
8,Dom,2021-10-03,21:00,Granada,0.1,1–0,1.4,Sevilla,12334,Estadio Nuevo Los Cármenes,Alberola Rojas,Informe del partido,
,,,,,,,,,,,,,
9,Sáb,2021-10-16,18:30,Levante,1.0,0–0,0.7,Getafe,14551,Estadio Ciudad de Valencia,Mario Melero,Informe del partido,
9,Sáb,2021-10-16,21:00,Real Sociedad,0.6,1–0,0.3,Mallorca,30831,Estadio Municipal de Anoeta,Pablo González,Informe del partido,
9,Dom,2021-10-17,14:00,Rayo Vallecano,1.7,2–1,0.5,Elche,6989,Estadio del Rayo Vallecano,Santiago Jaime,Informe del partido,
9,Dom,2021-10-17,16:15,Celta Vigo,1.4,0–1,1.1,Sevilla,10774,Estadio de Balaídos,Ricardo de Burgos,Informe del partido,
9,Dom,2021-10-17,18:30,Villarreal,0.7,1–2,0.8,Osasuna,14831,Estadio de la Cerámica,Adrián Cordero,Informe del partido,
9,Dom,2021-10-17,21:00,Barcelona,2.1,3–1,0.5,Valencia,47317,Camp Nou,Jesús Gil,Informe del partido,
9,Lun,2021-10-18,19:00,Alavés,1.4,0–1,1.5,Betis,10227,Estadio de Mendizorroza,Miguel Ángel Ortiz Arias,Informe del partido,
9,Lun,2021-10-18,21:00,Espanyol,1.5,2–0,0.6,Cádiz,15678,RCDE Stadium,Antonio Matéu Lahoz,Informe del partido,
,,,,,,,,,,,,,
10,Vie,2021-10-22,21:00,Osasuna,1.1,1–1,0.7,Granada,21128,Estadio El Sadar,Alejandro Muñíz,Informe del partido,
10,Sáb,2021-10-23,14:00,Valencia,2.2,2–2,0.7,Mallorca,29139,Estadio de Mestalla,Carlos del Cerro,Informe del partido,
10,Sáb,2021-10-23,16:15,Cádiz,2.4,0–2,1.5,Alavés,13790,Estadio Nuevo Mirandilla,Alberola Rojas,Informe del partido,
10,Sáb,2021-10-23,18:30,Elche,1.2,2–2,1.1,Espanyol,13449,Estadio Manuel Martínez Valero,Jorge Figueroa,Informe del partido,
10,Sáb,2021-10-23,21:00,Athletic Club,2.6,2–1,0.7,Villarreal,38698,San Mamés,Guillermo Cuadra,Informe del partido,
10,Dom,2021-10-24,14:00,Sevilla,1.6,5–3,2.1,Levante,30601,Estadio Ramón Sánchez Pizjuán,Valentín Pizarro,Informe del partido,
10,Dom,2021-10-24,16:15,Barcelona,1.8,1–2,1.7,Real Madrid,86422,Camp Nou,José Sánchez,Informe del partido,
10,Dom,2021-10-24,18:30,Betis,1.6,3–2,1.2,Rayo Vallecano,45362,Estadio Benito Villamarín,Ricardo de Burgos,Informe del partido,
10,Dom,2021-10-24,21:00,Atlético Madrid,1.9,2–2,0.8,Real Sociedad,50032,Estadio Wanda Metropolitano,José Luis Munuera,Informe del partido,
10,Lun,2021-10-25,21:00,Getafe,0.5,0–3,1.9,Celta Vigo,7630,Coliseum Alfonso Pérez,Juan Martínez,Informe del partido,
,,,,,,,,,,,,,
11,Mar,2021-10-26,19:00,Alavés,2.0,1–0,0.4,Elche,10206,Estadio de Mendizorroza,Jesús Gil,Informe del partido,
11,Mar,2021-10-26,21:00,Espanyol,1.3,1–1,3.6,Athletic Club,16196,RCDE Stadium,Miguel Ángel Ortiz Arias,Informe del partido,
11,Mar,2021-10-26,21:30,Villarreal,1.6,3–3,1.1,Cádiz,12190,Estadio de la Cerámica,Alejandro Hernández,Informe del partido,
11,Mié,2021-10-27,19:00,Rayo Vallecano,1.4,1–0,2.8,Barcelona,9340,Estadio del Rayo Vallecano,Antonio Matéu Lahoz,Informe del partido,
11,Mié,2021-10-27,19:00,Mallorca,1.9,1–1,1.4,Sevilla,15125,Iberostar Estadi,Santiago Jaime,Informe del partido,
11,Mié,2021-10-27,20:00,Betis,1.9,4–1,2.0,Valencia,43123,Estadio Benito Villamarín,Isidro Díaz de Mera,Informe del partido,
11,Mié,2021-10-27,21:30,Real Madrid,0.9,0–0,0.6,Osasuna,35691,Estadio Santiago Bernabéu,César Soto,Informe del partido,
11,Jue,2021-10-28,19:00,Celta Vigo,1.7,0–2,1.9,Real Sociedad,8726,Estadio de Balaídos,Mario Melero,Informe del partido,
11,Jue,2021-10-28,20:00,Granada,2.1,1–1,0.3,Getafe,13651,Estadio Nuevo Los Cármenes,Adrián Cordero,Informe del partido,
11,Jue,2021-10-28,21:30,Levante,1.8,2–2,1.0,Atlético Madrid,16298,Estadio Ciudad de Valencia,Pablo González,Informe del partido,
,,,,,,,,,,,,,
12,Sáb,2021-10-30,14:00,Elche,0.9,1–2,1.3,Real Madrid,23010,Estadio Manuel Martínez Valero,Ricardo de Burgos,Informe del partido,
12,Sáb,2021-10-30,16:15,Sevilla,2.5,2–0,0.8,Osasuna,20335,Estadio Ramón Sánchez Pizjuán,Carlos del Cerro,Informe del partido,
12,Sáb,2021-10-30,18:30,Valencia,1.2,2–0,1.1,Villarreal,31487,Estadio de Mestalla,José Luis Munuera,Informe del partido,
12,Sáb,2021-10-30,21:00,Barcelona,1.4,1–1,0.8,Alavés,37278,Camp Nou,Jorge Figueroa,Informe del partido,
12,Dom,2021-10-31,14:00,Cádiz,2.0,1–1,1.2,Mallorca,11790,Estadio Nuevo Mirandilla,Valentín Pizarro,Informe del partido,
12,Dom,2021-10-31,16:15,Atlético Madrid,2.4,3–0,0.6,Betis,56838,Estadio Wanda Metropolitano,Alberola Rojas,Informe del partido,
12,Dom,2021-10-31,18:30,Getafe,0.9,2–1,0.8,Espanyol,4721,Coliseum Alfonso Pérez,Alejandro Muñíz,Informe del partido,
12,Dom,2021-10-31,21:00,Real Sociedad,1.2,1–1,1.0,Athletic Club,37066,Estadio Municipal de Anoeta,Juan Martínez,Informe del partido,
12,Lun,2021-11-01,18:30,Rayo Vallecano,0.6,0–0,0.5,Celta Vigo,9580,Estadio del Rayo Vallecano,Adrián Cordero,Informe del partido,
12,Lun,2021-11-01,21:00,Levante,1.1,0–3,1.1,Granada,14512,Estadio Ciudad de Valencia,José Sánchez,Informe del partido,
,,,,,,,,,,,,,
13,Vie,2021-11-05,21:00,Athletic Club,0.8,0–1,0.7,Cádiz,37581,San Mamés,Santiago Jaime,Informe del partido,
13,Sáb,2021-11-06,14:00,Espanyol,1.6,2–0,2.3,Granada,19050,RCDE Stadium,Isidro Díaz de Mera,Informe del partido,
13,Sáb,2021-11-06,16:15,Celta Vigo,1.5,3–3,1.1,Barcelona,13146,Estadio de Balaídos,Alejandro Hernández,Informe del partido,
13,Sáb,2021-11-06,18:30,Alavés,1.5,2–1,0.8,Levante,12176,Estadio de Mendizorroza,Adrián Cordero,Informe del partido,
13,Sáb,2021-11-06,21:00,Real Madrid,2.1,2–1,1.6,Rayo Vallecano,43283,Estadio Santiago Bernabéu,Pablo González,Informe del partido,
13,Dom,2021-11-07,14:00,Villarreal,1.2,1–0,0.3,Getafe,13504,Estadio de la Cerámica,Jesús Gil,Informe del partido,
13,Dom,2021-11-07,16:15,Valencia,1.1,3–3,2.2,Atlético Madrid,37472,Estadio de Mestalla,César Soto,Informe del partido,
13,Dom,2021-11-07,18:30,Osasuna,0.6,0–2,1.4,Real Sociedad,21741,Estadio El Sadar,Miguel Ángel Ortiz Arias,Informe del partido,
13,Dom,2021-11-07,18:30,Mallorca,2.3,2–2,0.7,Elche,12933,Iberostar Estadi,Mario Melero,Informe del partido,
13,Dom,2021-11-07,21:00,Betis,0.5,0–2,1.7,Sevilla,50534,Estadio Benito Villamarín,Antonio Matéu Lahoz,Informe del partido,
,,,,,,,,,,,,,
14,Vie,2021-11-19,21:00,Levante,0.8,0–0,0.7,Athletic Club,15230,Estadio Ciudad de Valencia,José Luis Munuera,Informe del partido,
14,Sáb,2021-11-20,14:00,Celta Vigo,1.0,1–1,2.8,Villarreal,10086,Estadio de Balaídos,Alberola Rojas,Informe del partido,
14,Sáb,2021-11-20,16:15,Sevilla,1.6,2–2,1.3,Alavés,25208,Estadio Ramón Sánchez Pizjuán,Alejandro Muñíz,Informe del partido,
14,Sáb,2021-11-20,18:30,Atlético Madrid,1.4,1–0,0.6,Osasuna,53261,Estadio Wanda Metropolitano,José Sánchez,Informe del partido,
14,Sáb,2021-11-20,21:00,Barcelona,1.7,1–0,1.3,Espanyol,74418,Camp Nou,Carlos del Cerro,Informe del partido,
14,Dom,2021-11-21,14:00,Getafe,1.5,4–0,0.5,Cádiz,8825,Coliseum Alfonso Pérez,Ricardo de Burgos,Informe del partido,
14,Dom,2021-11-21,16:15,Granada,0.7,1–4,3.6,Real Madrid,17460,Estadio Nuevo Los Cármenes,Juan Martínez,Informe del partido,
14,Dom,2021-11-21,18:30,Elche,1.0,0–3,1.8,Betis,16127,Estadio Manuel Martínez Valero,Valentín Pizarro,Informe del partido,
14,Dom,2021-11-21,21:00,Real Sociedad,0.5,0–0,0.9,Valencia,28635,Estadio Municipal de Anoeta,Mario Melero,Informe del partido,
14,Lun,2021-11-22,21:00,Rayo Vallecano,2.7,3–1,1.0,Mallorca,6708,Estadio del Rayo Vallecano,Jorge Figueroa,Informe del partido,
,,,,,,,,,,,,,
15,Vie,2021-11-26,21:00,Athletic Club,1.3,2–2,1.1,Granada,32651,San Mamés,Adrián Cordero,Informe del partido,
15,Sáb,2021-11-27,14:00,Alavés,0.9,1–2,1.3,Celta Vigo,10093,Estadio de Mendizorroza,Pablo González,Informe del partido,
15,Sáb,2021-11-27,16:15,Valencia,1.5,1–1,1.3,Rayo Vallecano,30030,Estadio de Mestalla,Alejandro Hernández,Informe del partido,
15,Sáb,2021-11-27,18:30,Mallorca,0.6,0–0,0.8,Getafe,8635,Iberostar Estadi,Santiago Jaime,Informe del partido,
15,Sáb,2021-11-27,21:00,Villarreal,1.3,1–3,3.4,Barcelona,19050,Estadio de la Cerámica,César Soto,Informe del partido,
15,Dom,2021-11-28,14:00,Betis,2.7,3–1,0.5,Levante,45012,Estadio Benito Villamarín,Miguel Ángel Ortiz Arias,Informe del partido,
15,Dom,2021-11-28,16:15,Espanyol,0.6,1–0,1.9,Real Sociedad,19935,RCDE Stadium,Antonio Matéu Lahoz,Informe del partido,
15,Dom,2021-11-28,18:30,Cádiz,1.1,1–4,3.9,Atlético Madrid,16861,Estadio Nuevo Mirandilla,Jesús Gil,Informe del partido,
15,Dom,2021-11-28,21:00,Real Madrid,1.3,2–1,0.8,Sevilla,45281,Estadio Santiago Bernabéu,José Sánchez,Informe del partido,
15,Lun,2021-11-29,21:00,Osasuna,1.9,1–1,1.2,Elche,16485,Estadio El Sadar,Isidro Díaz de Mera,Informe del partido,
,,,,,,,,,,,,,
9,Mié,2021-12-01,21:00,Real Madrid,1.9,1–0,2.5,Athletic Club,33627,Estadio Santiago Bernabéu,Isidro Díaz de Mera,Informe del partido,
,,,,,,,,,,,,,
16,Vie,2021-12-03,21:00,Granada,1.0,2–1,2.2,Alavés,13511,Estadio Nuevo Los Cármenes,Alberola Rojas,Informe del partido,
16,Sáb,2021-12-04,14:00,Sevilla,0.6,1–0,1.9,Villarreal,30865,Estadio Ramón Sánchez Pizjuán,Carlos del Cerro,Informe del partido,
16,Sáb,2021-12-04,16:15,Barcelona,1.1,0–1,0.8,Betis,66529,Camp Nou,Pablo González,Informe del partido,
16,Sáb,2021-12-04,18:30,Atlético Madrid,1.6,1–2,0.8,Mallorca,51009,Estadio Wanda Metropolitano,Juan Martínez,Informe del partido,
16,Sáb,2021-12-04,21:00,Real Sociedad,0.9,0–2,1.7,Real Madrid,35765,Estadio Municipal de Anoeta,Jesús Gil,Informe del partido,
16,Dom,2021-12-05,14:00,Rayo Vallecano,0.8,1–0,0.6,Espanyol,8679,Estadio del Rayo Vallecano,José Luis Munuera,Informe del partido,
16,Dom,2021-12-05,16:15,Elche,2.7,3–1,1.6,Cádiz,11879,Estadio Manuel Martínez Valero,Alejandro Muñíz,Informe del partido,
16,Dom,2021-12-05,18:30,Levante,0.6,0–0,0.4,Osasuna,15361,Estadio Ciudad de Valencia,Valentín Pizarro,Informe del partido,
16,Dom,2021-12-05,21:00,Celta Vigo,0.9,1–2,1.2,Valencia,11361,Estadio de Balaídos,Ricardo de Burgos,Informe del partido,
16,Lun,2021-12-06,21:00,Getafe,1.6,0–0,0.7,Athletic Club,9176,Coliseum Alfonso Pérez,Jorge Figueroa,Informe del partido,
,,,,,,,,,,,,,
17,Vie,2021-12-10,21:00,Mallorca,1.2,0–0,1.3,Celta Vigo,10655,Iberostar Estadi,Isidro Díaz de Mera,Informe del partido,
17,Sáb,2021-12-11,14:00,Espanyol,2.4,4–3,3.0,Levante,15193,RCDE Stadium,Adrián Cordero,Informe del partido,
17,Sáb,2021-12-11,16:15,Alavés,0.6,1–1,1.0,Getafe,10065,Estadio de Mendizorroza,César Soto,Informe del partido,
17,Sáb,2021-12-11,18:30,Valencia,1.9,2–1,1.0,Elche,31662,Estadio de Mestalla,Santiago Jaime,Informe del partido,
17,Sáb,2021-12-11,21:00,Athletic Club,1.9,0–1,0.3,Sevilla,36737,San Mamés,Alejandro Hernández,Informe del partido,
17,Dom,2021-12-12,14:00,Villarreal,2.6,2–0,2.2,Rayo Vallecano,13133,Estadio de la Cerámica,Mario Melero,Informe del partido,
17,Dom,2021-12-12,16:15,Osasuna,0.3,2–2,0.9,Barcelona,21427,Estadio El Sadar,Juan Martínez,Informe del partido,
17,Dom,2021-12-12,18:30,Betis,1.7,4–0,1.2,Real Sociedad,52158,Estadio Benito Villamarín,José Sánchez,Informe del partido,
17,Dom,2021-12-12,21:00,Real Madrid,0.6,2–0,0.8,Atlético Madrid,51024,Estadio Santiago Bernabéu,Antonio Matéu Lahoz,Informe del partido,
17,Lun,2021-12-13,21:00,Cádiz,0.7,1–1,1.6,Granada,13052,Estadio Nuevo Mirandilla,Miguel Ángel Ortiz Arias,Informe del partido,
,,,,,,,,,,,,,
18,Vie,2021-12-17,21:00,Celta Vigo,1.0,3–1,0.3,Espanyol,9526,Estadio de Balaídos,Valentín Pizarro,Informe del partido,
18,Sáb,2021-12-18,14:00,Rayo Vallecano,2.0,2–0,0.3,Alavés,7911,Estadio del Rayo Vallecano,Antonio Matéu Lahoz,Informe del partido,
18,Sáb,2021-12-18,16:15,Real Sociedad,1.3,1–3,3.0,Villarreal,29679,Estadio Municipal de Anoeta,Jorge Figueroa,Informe del partido,
18,Sáb,2021-12-18,18:30,Barcelona,3.0,3–2,1.2,Elche,41664,Camp Nou,Alberola Rojas,Informe del partido,
18,Sáb,2021-12-18,21:00,Sevilla,0.5,2–1,1.1,Atlético Madrid,33241,Estadio Ramón Sánchez Pizjuán,Ricardo de Burgos,Informe del partido,
18,Dom,2021-12-19,14:00,Granada,2.3,4–1,1.2,Mallorca,13014,Estadio Nuevo Los Cármenes,Alejandro Muñíz,Informe del partido,
18,Dom,2021-12-19,16:15,Athletic Club,1.5,3–2,2.4,Betis,38002,San Mamés,Jesús Gil,Informe del partido,
18,Dom,2021-12-19,18:30,Getafe,1.4,1–0,0.6,Osasuna,8126,Coliseum Alfonso Pérez,José Luis Munuera,Informe del partido,
18,Dom,2021-12-19,21:00,Real Madrid,2.6,0–0,0.3,Cádiz,38818,Estadio Santiago Bernabéu,Santiago Jaime,Informe del partido,
18,Lun,2021-12-20,21:00,Levante,2.8,3–4,2.0,Valencia,18851,Estadio Ciudad de Valencia,Pablo González,Informe del partido,
,,,,,,,,,,,,,
4,Mar,2021-12-21,19:00,Villarreal,4.3,5–2,1.1,Alavés,12530,Estadio de la Cerámica,Valentín Pizarro,Informe del partido,
4,Mar,2021-12-21,21:30,Sevilla,0.4,1–1,2.0,Barcelona,31358,Estadio Ramón Sánchez Pizjuán,Carlos del Cerro,Informe del partido,
,,,,,,,,,,,,,
9,Mié,2021-12-22,19:00,Granada,0.7,2–1,1.6,Atlético Madrid,13304,Estadio Nuevo Los Cármenes,Alejandro Hernández,Informe del partido,
,,,,,,,,,,,,,
21,Mié,2021-12-22,21:30,Athletic Club,1.3,1–2,1.2,Real Madrid,42722,San Mamés,César Soto,Informe del partido,
,,,,,,,,,,,,,
19,Vie,2021-12-31,16:15,Valencia,1.1,1–2,1.9,Espanyol,29566,Estadio de Mestalla,José Sánchez,Informe del partido,
19,Dom,2022-01-02,14:00,Getafe,0.7,1–0,0.8,Real Madrid,11890,Coliseum Alfonso Pérez,Mario Melero,Informe del partido,
19,Dom,2022-01-02,16:15,Atlético Madrid,1.9,2–0,0.2,Rayo Vallecano,43029,Estadio Wanda Metropolitano,Jorge Figueroa,Informe del partido,
19,Dom,2022-01-02,16:15,Elche,1.3,0–0,0.9,Granada,12160,Estadio Manuel Martínez Valero,Adrián Cordero,Informe del partido,
19,Dom,2022-01-02,18:30,Alavés,1.8,1–1,1.0,Real Sociedad,13498,Estadio de Mendizorroza,Carlos del Cerro,Informe del partido,
19,Dom,2022-01-02,18:30,Betis,1.7,0–2,1.8,Celta Vigo,41656,Estadio Benito Villamarín,César Soto,Informe del partido,
19,Dom,2022-01-02,21:00,Mallorca,0.9,0–1,1.5,Barcelona,14654,Iberostar Estadi,Antonio Matéu Lahoz,Informe del partido,
19,Lun,2022-01-03,19:00,Villarreal,3.3,5–0,0.5,Levante,13462,Estadio de la Cerámica,Alejandro Hernández,Informe del partido,
19,Lun,2022-01-03,21:00,Osasuna,1.1,1–3,1.4,Athletic Club,16206,Estadio El Sadar,Miguel Ángel Ortiz Arias,Informe del partido,
19,Lun,2022-01-03,21:15,Cádiz,0.4,0–1,1.2,Sevilla,14342,Estadio Nuevo Mirandilla,Alberola Rojas,Informe del partido,
,,,,,,,,,,,,,
20,Sáb,2022-01-08,14:00,Levante,1.3,2–0,1.4,Mallorca,13330,Estadio Ciudad de Valencia,Jorge Figueroa,Informe del partido,
20,Sáb,2022-01-08,16:15,Real Sociedad,1.9,1–0,0.5,Celta Vigo,27938,Estadio Municipal de Anoeta,Guillermo Cuadra,Informe del partido,
20,Sáb,2022-01-08,18:30,Granada,1.7,1–1,0.8,Barcelona,14442,Estadio Nuevo Los Cármenes,Pablo González,Informe del partido,
20,Sáb,2022-01-08,21:00,Real Madrid,3.9,4–1,1.4,Valencia,40617,Estadio Santiago Bernabéu,Alejandro Hernández,Informe del partido,
20,Dom,2022-01-09,14:00,Rayo Vallecano,1.5,1–1,1.4,Betis,8395,Estadio del Rayo Vallecano,Alejandro Muñíz,Informe del partido,
20,Dom,2022-01-09,16:15,Sevilla,0.8,1–0,0.1,Getafe,30801,Estadio Ramón Sánchez Pizjuán,Juan Martínez,Informe del partido,
20,Dom,2022-01-09,18:30,Osasuna,2.1,2–0,0.3,Cádiz,16292,Estadio El Sadar,Ricardo de Burgos,Informe del partido,
20,Dom,2022-01-09,18:30,Alavés,0.6,0–0,0.9,Athletic Club,14103,Estadio de Mendizorroza,Santiago Jaime,Informe del partido,
20,Dom,2022-01-09,21:00,Villarreal,2.1,2–2,0.9,Atlético Madrid,14127,Estadio de la Cerámica,Alberola Rojas,Informe del partido,
20,Lun,2022-01-10,21:00,Espanyol,1.4,1–2,0.7,Elche,11870,RCDE Stadium,Jesús Gil,Informe del partido,
,,,,,,,,,,,,,
21,Dom,2022-01-16,14:00,Elche,0.3,1–0,0.8,Villarreal,12433,Estadio Manuel Martínez Valero,Valentín Pizarro,Informe del partido,
21,Mar,2022-01-18,20:00,Betis,2.4,4–0,0.5,Alavés,38753,Estadio Benito Villamarín,José Sánchez,Informe del partido,
21,Mar,2022-01-18,21:30,Cádiz,1.3,2–2,2.0,Espanyol,10755,Estadio Nuevo Mirandilla,Alejandro Muñíz,Informe del partido,
21,Mié,2022-01-19,19:00,Celta Vigo,1.2,2–0,0.7,Osasuna,8837,Estadio de Balaídos,Adrián Cordero,Informe del partido,
21,Mié,2022-01-19,21:30,Valencia,0.7,1–1,1.4,Sevilla,26049,Estadio de Mestalla,César Soto,Informe del partido,
21,Jue,2022-01-20,19:00,Getafe,1.1,4–2,0.9,Granada,7634,Coliseum Alfonso Pérez,Isidro Díaz de Mera,Informe del partido,
,,,,,,,,,,,,,
22,Vie,2022-01-21,21:00,Espanyol,1.7,1–4,2.7,Betis,17637,RCDE Stadium,Alberola Rojas,Informe del partido,
22,Sáb,2022-01-22,14:00,Levante,1.6,0–2,0.9,Cádiz,14063,Estadio Ciudad de Valencia,César Soto,Informe del partido,
22,Sáb,2022-01-22,16:15,Villarreal,1.8,3–0,1.1,Mallorca,13207,Estadio de la Cerámica,Miguel Ángel Ortiz Arias,Informe del partido,
22,Sáb,2022-01-22,18:30,Sevilla,1.4,2–2,0.9,Celta Vigo,30059,Estadio Ramón Sánchez Pizjuán,José Sánchez,Informe del partido,
22,Sáb,2022-01-22,21:00,Atlético Madrid,2.5,3–2,0.7,Valencia,44999,Estadio Wanda Metropolitano,Isidro Díaz de Mera,Informe del partido,
22,Dom,2022-01-23,14:00,Granada,0.8,0–2,2.3,Osasuna,12471,Estadio Nuevo Los Cármenes,Santiago Jaime,Informe del partido,
22,Dom,2022-01-23,16:15,Real Madrid,3.8,2–2,0.7,Elche,39796,Estadio Santiago Bernabéu,Ricardo de Burgos,Informe del partido,
22,Dom,2022-01-23,18:30,Real Sociedad,0.7,0–0,0.4,Getafe,27368,Estadio Municipal de Anoeta,José Luis Munuera,Informe del partido,
22,Dom,2022-01-23,18:30,Rayo Vallecano,2.3,0–1,0.7,Athletic Club,9034,Estadio del Rayo Vallecano,Adrián Cordero,Informe del partido,
22,Dom,2022-01-23,21:00,Alavés,0.7,0–1,1.3,Barcelona,14056,Estadio de Mendizorroza,Jorge Figueroa,Informe del partido,
,,,,,,,,,,,,,
23,Vie,2022-02-04,21:00,Getafe,1.1,3–0,0.6,Levante,8475,Coliseum Alfonso Pérez,Alejandro Muñíz,Informe del partido,
23,Sáb,2022-02-05,14:00,Elche,1.4,3–1,0.8,Alavés,12923,Estadio Manuel Martínez Valero,Mario Melero,Informe del partido,
23,Sáb,2022-02-05,16:15,Mallorca,2.6,2–1,0.9,Cádiz,12226,Iberostar Estadi,Carlos del Cerro,Informe del partido,
23,Sáb,2022-02-05,18:30,Celta Vigo,0.8,2–0,0.9,Rayo Vallecano,12546,Estadio de Balaídos,José Luis Munuera,Informe del partido,
23,Sáb,2022-02-05,21:00,Osasuna,0.5,0–0,1.3,Sevilla,17635,Estadio El Sadar,Valentín Pizarro,Informe del partido,
23,Dom,2022-02-06,14:00,Valencia,1.3,0–0,0.5,Real Sociedad,31351,Estadio de Mestalla,José Sánchez,Informe del partido,
23,Dom,2022-02-06,16:15,Barcelona,1.0,4–2,1.4,Atlético Madrid,74221,Camp Nou,Jesús Gil,Informe del partido,
23,Dom,2022-02-06,18:30,Betis,0.9,0–2,0.8,Villarreal,44870,Estadio Benito Villamarín,Pablo González,Informe del partido,
23,Dom,2022-02-06,21:00,Real Madrid,2.5,1–0,0.5,Granada,36665,Estadio Santiago Bernabéu,Antonio Matéu Lahoz,Informe del partido,
23,Lun,2022-02-07,21:00,Athletic Club,0.6,2–1,0.7,Espanyol,30753,San Mamés,César Soto,Informe del partido,
,,,,,,,,,,,,,
24,Vie,2022-02-11,21:00,Sevilla,0.9,2–0,0.4,Elche,33411,Estadio Ramón Sánchez Pizjuán,Miguel Ángel Ortiz Arias,Informe del partido,
24,Sáb,2022-02-12,14:00,Cádiz,0.8,0–0,1.1,Celta Vigo,15635,Estadio Nuevo Mirandilla,Antonio Matéu Lahoz,Informe del partido,
24,Sáb,2022-02-12,16:15,Villarreal,0.6,0–0,1.9,Real Madrid,17894,Estadio de la Cerámica,José Sánchez,Informe del partido,
24,Sáb,2022-02-12,18:30,Rayo Vallecano,1.0,0–3,1.6,Osasuna,8596,Estadio del Rayo Vallecano,Jorge Figueroa,Informe del partido,
24,Sáb,2022-02-12,21:00,Atlético Madrid,2.7,4–3,2.5,Getafe,49375,Estadio Wanda Metropolitano,Ricardo de Burgos,Informe del partido,
24,Dom,2022-02-13,14:00,Alavés,1.9,2–1,1.3,Valencia,12845,Estadio de Mendizorroza,Adrián Cordero,Informe del partido,
24,Dom,2022-02-13,16:15,Levante,2.0,2–4,2.6,Betis,16103,Estadio Ciudad de Valencia,Santiago Jaime,Informe del partido,
24,Dom,2022-02-13,18:30,Real Sociedad,3.0,2–0,1.2,Granada,29847,Estadio Municipal de Anoeta,Alberola Rojas,Informe del partido,
24,Dom,2022-02-13,21:00,Espanyol,1.3,2–2,1.6,Barcelona,25049,RCDE Stadium,Alejandro Hernández,Informe del partido,
24,Lun,2022-02-14,21:00,Mallorca,2.0,3–2,0.9,Athletic Club,12904,Iberostar Estadi,Isidro Díaz de Mera,Informe del partido,
,,,,,,,,,,,,,
21,Mié,2022-02-16,19:00,Atlético Madrid,1.3,0–1,1.2,Levante,43456,Estadio Wanda Metropolitano,José Luis Munuera,Informe del partido,
,,,,,,,,,,,,,
25,Vie,2022-02-18,21:00,Elche,2.5,2–1,1.0,Rayo Vallecano,14742,Estadio Manuel Martínez Valero,Alejandro Muñíz,Informe del partido,
25,Sáb,2022-02-19,14:00,Granada,2.8,1–4,5.1,Villarreal,13389,Estadio Nuevo Los Cármenes,Jesús Gil,Informe del partido,
25,Sáb,2022-02-19,16:15,Osasuna,0.9,0–3,0.5,Atlético Madrid,20040,Estadio El Sadar,Mario Melero,Informe del partido,
25,Sáb,2022-02-19,18:30,Cádiz,0.8,1–1,0.9,Getafe,15948,Estadio Nuevo Mirandilla,Alberola Rojas,Informe del partido,
25,Sáb,2022-02-19,21:00,Real Madrid,3.2,3–0,0.8,Alavés,42180,Estadio Santiago Bernabéu,José Luis Munuera,Informe del partido,
25,Dom,2022-02-20,14:00,Espanyol,1.6,1–1,0.9,Sevilla,24897,RCDE Stadium,Pablo González,Informe del partido,
25,Dom,2022-02-20,16:15,Valencia,0.9,1–4,1.8,Barcelona,38315,Estadio de Mestalla,Carlos del Cerro,Informe del partido,
25,Dom,2022-02-20,18:30,Betis,1.6,2–1,0.5,Mallorca,48652,Estadio Benito Villamarín,César Soto,Informe del partido,
25,Dom,2022-02-20,21:00,Athletic Club,2.9,4–0,0.5,Real Sociedad,40698,San Mamés,Juan Martínez,Informe del partido,
25,Lun,2022-02-21,21:00,Celta Vigo,1.3,1–1,2.1,Levante,9776,Estadio de Balaídos,Valentín Pizarro,Informe del partido,
,,,,,,,,,,,,,
26,Vie,2022-02-25,21:00,Levante,1.7,3–0,0.7,Elche,14237,Estadio Ciudad de Valencia,Pablo González,Informe del partido,
26,Sáb,2022-02-26,14:00,Mallorca,2.0,0–1,0.8,Valencia,14417,Iberostar Estadi,Jorge Figueroa,Informe del partido,
26,Sáb,2022-02-26,16:15,Getafe,1.3,2–2,1.1,Alavés,7720,Coliseum Alfonso Pérez,Santiago Jaime,Informe del partido,
26,Sáb,2022-02-26,18:30,Rayo Vallecano,1.4,0–1,2.3,Real Madrid,9952,Estadio del Rayo Vallecano,Isidro Díaz de Mera,Informe del partido,
26,Sáb,2022-02-26,21:00,Atlético Madrid,0.6,2–0,1.1,Celta Vigo,48009,Estadio Wanda Metropolitano,Alejandro Hernández,Informe del partido,
26,Dom,2022-02-27,14:00,Villarreal,5.0,5–1,0.8,Espanyol,15600,Estadio de la Cerámica,Ricardo de Burgos,Informe del partido,
26,Dom,2022-02-27,16:15,Sevilla,1.6,2–1,1.1,Betis,37250,Estadio Ramón Sánchez Pizjuán,Carlos del Cerro,Informe del partido,
26,Dom,2022-02-27,18:30,Real Sociedad,1.1,1–0,0.6,Osasuna,30145,Estadio Municipal de Anoeta,Antonio Matéu Lahoz,Informe del partido,
26,Dom,2022-02-27,21:00,Barcelona,3.0,4–0,0.5,Athletic Club,69770,Camp Nou,Guillermo Cuadra,Informe del partido,
26,Lun,2022-02-28,21:00,Granada,0.4,0–0,0.7,Cádiz,14785,Estadio Nuevo Los Cármenes,José Sánchez,Informe del partido,
,,,,,,,,,,,,,
21,Mié,2022-03-02,21:00,Mallorca,0.7,0–2,1.6,Real Sociedad,11550,Iberostar Estadi,Mario Melero,Informe del partido,
,,,,,,,,,,,,,
27,Vie,2022-03-04,21:00,Alavés,1.5,0–0,1.3,Sevilla,13121,Estadio de Mendizorroza,Alberola Rojas,Informe del partido,
27,Sáb,2022-03-05,14:00,Osasuna,1.0,1–0,0.6,Villarreal,16659,Estadio El Sadar,José Luis Munuera,Informe del partido,
27,Sáb,2022-03-05,16:15,Espanyol,0.1,2–0,0.5,Getafe,18519,RCDE Stadium,Adrián Cordero,Informe del partido,
27,Sáb,2022-03-05,18:30,Valencia,1.8,3–1,0.5,Granada,31227,Estadio de Mestalla,Valentín Pizarro,Informe del partido,
27,Sáb,2022-03-05,21:00,Real Madrid,2.2,4–1,0.8,Real Sociedad,52410,Estadio Santiago Bernabéu,Jesús Gil,Informe del partido,
27,Dom,2022-03-06,14:00,Cádiz,1.3,2–0,1.0,Rayo Vallecano,15677,Estadio Nuevo Mirandilla,César Soto,Informe del partido,
27,Dom,2022-03-06,16:15,Elche,1.2,1–2,4.0,Barcelona,30146,Estadio Manuel Martínez Valero,Alejandro Hernández,Informe del partido,
27,Dom,2022-03-06,18:30,Celta Vigo,2.7,4–3,1.7,Mallorca,11320,Estadio de Balaídos,Miguel Ángel Ortiz Arias,Informe del partido,
27,Dom,2022-03-06,21:00,Betis,1.4,1–3,3.1,Atlético Madrid,44383,Estadio Benito Villamarín,Guillermo Cuadra,Informe del partido,
27,Lun,2022-03-07,21:00,Athletic Club,3.2,3–1,0.6,Levante,29485,San Mamés,Alejandro Muñíz,Informe del partido,
,,,,,,,,,,,,,
28,Vie,2022-03-11,21:00,Atlético Madrid,0.4,2–1,1.2,Cádiz,50573,Estadio Wanda Metropolitano,Pablo González,Informe del partido,
28,Sáb,2022-03-12,14:00,Levante,1.4,1–1,0.4,Espanyol,13407,Estadio Ciudad de Valencia,Isidro Díaz de Mera,Informe del partido,
28,Sáb,2022-03-12,16:15,Granada,1.6,0–1,1.1,Elche,15345,Estadio Nuevo Los Cármenes,Carlos del Cerro,Informe del partido,
28,Sáb,2022-03-12,18:30,Villarreal,1.2,1–0,0.8,Celta Vigo,14929,Estadio de la Cerámica,Santiago Jaime,Informe del partido,
28,Sáb,2022-03-12,21:00,Getafe,0.9,0–0,0.3,Valencia,10349,Coliseum Alfonso Pérez,Guillermo Cuadra,Informe del partido,
28,Dom,2022-03-13,14:00,Rayo Vallecano,0.5,1–1,0.2,Sevilla,9073,Estadio del Rayo Vallecano,Juan Martínez,Informe del partido,
28,Dom,2022-03-13,16:15,Betis,0.8,1–0,0.7,Athletic Club,48876,Estadio Benito Villamarín,Antonio Matéu Lahoz,Informe del partido,
28,Dom,2022-03-13,18:30,Real Sociedad,2.5,1–0,1.0,Alavés,31573,Estadio Municipal de Anoeta,Jorge Figueroa,Informe del partido,
28,Dom,2022-03-13,21:00,Barcelona,4.0,4–0,0.2,Osasuna,54507,Camp Nou,Ricardo de Burgos,Informe del partido,
28,Lun,2022-03-14,21:00,Mallorca,1.4,0–3,2.0,Real Madrid,17191,Iberostar Estadi,José Sánchez,Informe del partido,
,,,,,,,,,,,,,
29,Vie,2022-03-18,21:00,Athletic Club,2.1,1–1,0.4,Getafe,37367,San Mamés,Jesús Gil,Informe del partido,
29,Sáb,2022-03-19,14:00,Alavés,1.8,2–3,2.3,Granada,16209,Estadio de Mendizorroza,Guillermo Cuadra,Informe del partido,
29,Sáb,2022-03-19,16:15,Elche,0.7,0–1,1.2,Valencia,15780,Estadio Manuel Martínez Valero,Miguel Ángel Ortiz Arias,Informe del partido,
29,Sáb,2022-03-19,18:30,Osasuna,2.2,3–1,1.3,Levante,19429,Estadio El Sadar,Alberola Rojas,Informe del partido,
29,Sáb,2022-03-19,21:00,Rayo Vallecano,1.8,0–1,1.3,Atlético Madrid,10349,Estadio del Rayo Vallecano,José Luis Munuera,Informe del partido,
29,Dom,2022-03-20,14:00,Espanyol,1.0,1–0,0.6,Mallorca,17578,RCDE Stadium,Alejandro Muñíz,Informe del partido,
29,Dom,2022-03-20,16:15,Cádiz,2.0,1–0,0.3,Villarreal,13325,Estadio Nuevo Mirandilla,Alejandro Hernández,Informe del partido,
29,Dom,2022-03-20,16:15,Celta Vigo,0.8,0–0,0.8,Betis,13149,Estadio de Balaídos,Ricardo de Burgos,Informe del partido,
29,Dom,2022-03-20,18:30,Sevilla,0.5,0–0,1.4,Real Sociedad,24861,Estadio Ramón Sánchez Pizjuán,César Soto,Informe del partido,
29,Dom,2022-03-20,21:00,Real Madrid,1.1,0–4,2.7,Barcelona,60017,Estadio Santiago Bernabéu,Juan Martínez,Informe del partido,
,,,,,,,,,,,,,
30,Sáb,2022-04-02,14:00,Getafe,1.7,1–0,0.5,Mallorca,8946,Coliseum Alfonso Pérez,Antonio Matéu Lahoz,Informe del partido,
30,Sáb,2022-04-02,16:15,Levante,2.2,2–0,1.3,Villarreal,14908,Estadio Ciudad de Valencia,Adrián Cordero,Informe del partido,
30,Sáb,2022-04-02,18:30,Celta Vigo,1.8,1–2,3.1,Real Madrid,15714,Estadio de Balaídos,Pablo González,Informe del partido,
30,Sáb,2022-04-02,21:00,Atlético Madrid,2.7,4–1,0.6,Alavés,51467,Estadio Wanda Metropolitano,Mario Melero,Informe del partido,
30,Dom,2022-04-03,14:00,Athletic Club,2.2,2–1,0.4,Elche,34572,San Mamés,Jorge Figueroa,Informe del partido,
30,Dom,2022-04-03,16:15,Betis,4.0,4–1,0.5,Osasuna,49103,Estadio Benito Villamarín,Valentín Pizarro,Informe del partido,
30,Dom,2022-04-03,18:30,Granada,2.3,2–2,0.9,Rayo Vallecano,15823,Estadio Nuevo Los Cármenes,Alejandro Hernández,Informe del partido,
30,Dom,2022-04-03,18:30,Valencia,0.2,0–0,0.1,Cádiz,32949,Estadio de Mestalla,Isidro Díaz de Mera,Informe del partido,
30,Dom,2022-04-03,21:00,Barcelona,2.2,1–0,0.7,Sevilla,76112,Camp Nou,José Sánchez,Informe del partido,
30,Lun,2022-04-04,21:00,Real Sociedad,2.4,1–0,0.4,Espanyol,20869,Estadio Municipal de Anoeta,Santiago Jaime,Informe del partido,
,,,,,,,,,,,,,
31,Vie,2022-04-08,21:00,Sevilla,2.9,4–2,0.9,Granada,33504,Estadio Ramón Sánchez Pizjuán,Miguel Ángel Ortiz Arias,Informe del partido,
31,Sáb,2022-04-09,14:00,Cádiz,1.1,1–2,1.4,Betis,18063,Estadio Nuevo Mirandilla,Jesús Gil,Informe del partido,
31,Sáb,2022-04-09,16:15,Mallorca,1.3,1–0,0.7,Atlético Madrid,15437,Iberostar Estadi,Juan Martínez,Informe del partido,
31,Sáb,2022-04-09,18:30,Villarreal,1.2,1–1,2.0,Athletic Club,16603,Estadio de la Cerámica,Carlos del Cerro,Informe del partido,
31,Sáb,2022-04-09,21:00,Real Madrid,1.8,2–0,0.4,Getafe,50740,Estadio Santiago Bernabéu,César Soto,Informe del partido,
31,Dom,2022-04-10,14:00,Osasuna,2.3,1–0,0.8,Alavés,19220,Estadio El Sadar,Alejandro Muñíz,Informe del partido,
31,Dom,2022-04-10,16:15,Espanyol,1.3,1–0,1.0,Celta Vigo,18471,RCDE Stadium,Alberola Rojas,Informe del partido,
31,Dom,2022-04-10,18:30,Elche,0.8,1–2,2.1,Real Sociedad,17011,Estadio Manuel Martínez Valero,Guillermo Cuadra,Informe del partido,
31,Dom,2022-04-10,21:00,Levante,3.5,2–3,1.4,Barcelona,20785,Estadio Ciudad de Valencia,José Luis Munuera,Informe del partido,
31,Lun,2022-04-11,21:00,Rayo Vallecano,0.7,1–1,0.5,Valencia,9302,Estadio del Rayo Vallecano,Ricardo de Burgos,Informe del partido,
,,,,,,,,,,,,,
32,Vie,2022-04-15,21:00,Real Sociedad,1.0,0–0,0.5,Betis,28893,Estadio Municipal de Anoeta,Isidro Díaz de Mera,Informe del partido,
32,Sáb,2022-04-16,14:00,Elche,1.6,3–0,1.5,Mallorca,20257,Estadio Manuel Martínez Valero,José Sánchez,Informe del partido,
32,Sáb,2022-04-16,16:15,Alavés,0.8,1–0,1.5,Rayo Vallecano,10165,Estadio de Mendizorroza,Juan Martínez,Informe del partido,
32,Sáb,2022-04-16,18:30,Valencia,1.0,1–2,0.6,Osasuna,30148,Estadio de Mestalla,Mario Melero,Informe del partido,
32,Sáb,2022-04-16,21:00,Getafe,1.0,1–2,2.5,Villarreal,9657,Coliseum Alfonso Pérez,Pablo González,Informe del partido,
32,Dom,2022-04-17,14:00,Granada,1.4,1–4,3.0,Levante,15323,Estadio Nuevo Los Cármenes,Valentín Pizarro,Informe del partido,
32,Dom,2022-04-17,16:15,Atlético Madrid,1.0,2–1,0.7,Espanyol,54011,Estadio Wanda Metropolitano,Jorge Figueroa,Informe del partido,
32,Dom,2022-04-17,18:30,Athletic Club,0.7,0–2,0.5,Celta Vigo,35541,San Mamés,Alejandro Hernández,Informe del partido,
32,Dom,2022-04-17,21:00,Sevilla,0.8,2–3,1.6,Real Madrid,40629,Estadio Ramón Sánchez Pizjuán,Guillermo Cuadra,Informe del partido,
32,Lun,2022-04-18,21:00,Barcelona,1.6,0–1,1.7,Cádiz,57495,Camp Nou,Santiago Jaime,Informe del partido,
,,,,,,,,,,,,,
33,Mar,2022-04-19,19:00,Mallorca,0.9,2–1,0.8,Alavés,15264,Iberostar Estadi,César Soto,Informe del partido,
33,Mar,2022-04-19,21:00,Betis,1.5,0–1,0.6,Elche,43257,Estadio Benito Villamarín,Alberola Rojas,Informe del partido,
33,Mar,2022-04-19,21:30,Villarreal,1.7,2–0,0.4,Valencia,13570,Estadio de la Cerámica,José Luis Munuera,Informe del partido,
33,Mié,2022-04-20,19:00,Atlético Madrid,1.6,0–0,0.3,Granada,43517,Estadio Wanda Metropolitano,Jesús Gil,Informe del partido,
33,Mié,2022-04-20,20:00,Celta Vigo,0.4,0–2,1.4,Getafe,9934,Estadio de Balaídos,Santiago Jaime,Informe del partido,
33,Mié,2022-04-20,21:30,Osasuna,1.5,1–3,3.5,Real Madrid,21360,Estadio El Sadar,Ricardo de Burgos,Informe del partido,
33,Jue,2022-04-21,19:00,Levante,2.9,2–3,2.1,Sevilla,18107,Estadio Ciudad de Valencia,Isidro Díaz de Mera,Informe del partido,
33,Jue,2022-04-21,19:00,Espanyol,0.5,0–1,0.7,Rayo Vallecano,11873,RCDE Stadium,Antonio Matéu Lahoz,Informe del partido,
33,Jue,2022-04-21,20:00,Cádiz,3.8,2–3,1.7,Athletic Club,17360,Estadio Nuevo Mirandilla,Valentín Pizarro,Informe del partido,
33,Jue,2022-04-21,21:30,Real Sociedad,1.0,0–1,1.1,Barcelona,35128,Estadio Municipal de Anoeta,Carlos del Cerro,Informe del partido,
,,,,,,,,,,,,,


21,Dom,2022-04-24,21:00,Barcelona,1.7,0–1,0.4,Rayo Vallecano,57023,Camp Nou,Isidro Díaz de Mera,Informe del partido,
,,,,,,,,,,,,,
34,Vie,2022-04-29,21:00,Sevilla,0.9,1–1,1.1,Cádiz,37113,Estadio Ramón Sánchez Pizjuán,José Sánchez,Informe del partido,
34,Sáb,2022-04-30,14:00,Alavés,2.1,2–1,1.6,Villarreal,12579,Estadio de Mendizorroza,Miguel Ángel Ortiz Arias,Informe del partido,
34,Sáb,2022-04-30,16:15,Real Madrid,1.7,4–0,1.4,Espanyol,58686,Estadio Santiago Bernabéu,José Luis Munuera,Informe del partido,
34,Sáb,2022-04-30,18:30,Valencia,0.6,1–1,1.7,Levante,35099,Estadio de Mestalla,Jorge Figueroa,Informe del partido,
34,Sáb,2022-04-30,21:00,Athletic Club,1.5,2–0,0.7,Atlético Madrid,43398,San Mamés,Antonio Matéu Lahoz,Informe del partido,
34,Dom,2022-05-01,14:00,Elche,0.9,1–1,1.2,Osasuna,16305,Estadio Manuel Martínez Valero,Carlos del Cerro,Informe del partido,
34,Dom,2022-05-01,16:15,Granada,0.9,1–1,1.4,Celta Vigo,15036,Estadio Nuevo Los Cármenes,Juan Martínez,Informe del partido,
34,Dom,2022-05-01,18:30,Rayo Vallecano,1.4,1–1,0.7,Real Sociedad,9395,Estadio del Rayo Vallecano,Alejandro Muñíz,Informe del partido,
34,Dom,2022-05-01,21:00,Barcelona,1.2,2–1,1.0,Mallorca,62789,Camp Nou,Pablo González,Informe del partido,
34,Lun,2022-05-02,21:00,Getafe,0.8,0–0,0.3,Betis,9916,Coliseum Alfonso Pérez,Adrián Cordero,Informe del partido,
,,,,,,,,,,,,,
35,Vie,2022-05-06,21:00,Levante,2.6,2–1,2.9,Real Sociedad,17278,Estadio Ciudad de Valencia,Alberola Rojas,Informe del partido,
35,Sáb,2022-05-07,14:00,Mallorca,1.5,2–6,1.7,Granada,18466,Iberostar Estadi,Ricardo de Burgos,Informe del partido,
35,Sáb,2022-05-07,16:15,Athletic Club,1.4,0–0,0.1,Valencia,41091,San Mamés,Isidro Díaz de Mera,Informe del partido,
35,Sáb,2022-05-07,18:30,Cádiz,2.1,3–0,0.1,Elche,17615,Estadio Nuevo Mirandilla,Alejandro Hernández,Informe del partido,
35,Sáb,2022-05-07,18:30,Celta Vigo,2.4,4–0,0.3,Alavés,10567,Estadio de Balaídos,Guillermo Cuadra,Informe del partido,
35,Sáb,2022-05-07,21:00,Betis,0.9,1–2,1.1,Barcelona,46132,Estadio Benito Villamarín,Antonio Matéu Lahoz,Informe del partido,
35,Dom,2022-05-08,14:00,Getafe,0.7,0–0,0.9,Rayo Vallecano,10125,Coliseum Alfonso Pérez,Mario Melero,Informe del partido,
35,Dom,2022-05-08,16:15,Villarreal,1.6,1–1,1.0,Sevilla,17461,Estadio de la Cerámica,Jesús Gil,Informe del partido,
35,Dom,2022-05-08,18:30,Espanyol,0.7,1–1,0.8,Osasuna,18903,RCDE Stadium,Santiago Jaime,Informe del partido,
35,Dom,2022-05-08,21:00,Atlético Madrid,2.6,1–0,1.6,Real Madrid,63874,Estadio Wanda Metropolitano,César Soto,Informe del partido,
,,,,,,,,,,,,,
36,Mar,2022-05-10,19:00,Valencia,1.5,0–3,1.5,Betis,28091,Estadio de Mestalla,Carlos del Cerro,Informe del partido,
36,Mar,2022-05-10,20:00,Granada,1.3,1–0,0.4,Athletic Club,16638,Estadio Nuevo Los Cármenes,José Sánchez,Informe del partido,
36,Mar,2022-05-10,21:30,Barcelona,1.2,3–1,1.1,Celta Vigo,55899,Camp Nou,Miguel Ángel Ortiz Arias,Informe del partido,
36,Mié,2022-05-11,19:00,Osasuna,0.6,1–1,0.4,Getafe,17850,Estadio El Sadar,Alejandro Muñíz,Informe del partido,
36,Mié,2022-05-11,19:00,Alavés,2.6,2–1,0.9,Espanyol,12729,Estadio de Mendizorroza,Valentín Pizarro,Informe del partido,
36,Mié,2022-05-11,20:30,Sevilla,2.2,0–0,0.8,Mallorca,33242,Estadio Ramón Sánchez Pizjuán,Alejandro Hernández,Informe del partido,
36,Mié,2022-05-11,21:30,Elche,0.4,0–2,2.1,Atlético Madrid,21266,Estadio Manuel Martínez Valero,Pablo González,Informe del partido,
36,Jue,2022-05-12,19:00,Real Sociedad,2.8,3–0,1.1,Cádiz,29014,Estadio Municipal de Anoeta,Juan Martínez,Informe del partido,
36,Jue,2022-05-12,20:00,Rayo Vallecano,2.0,1–5,2.4,Villarreal,7945,Estadio del Rayo Vallecano,Isidro Díaz de Mera,Informe del partido,
36,Jue,2022-05-12,21:30,Real Madrid,3.7,6–0,1.2,Levante,38421,Estadio Santiago Bernabéu,Adrián Cordero,Informe del partido,
,,,,,,,,,,,,,
37,Sáb,2022-05-14,18:30,Espanyol,0.7,1–1,1.7,Valencia,14990,RCDE Stadium,Alejandro Muñíz,Informe del partido,
37,Dom,2022-05-15,19:30,Levante,2.5,3–1,0.7,Alavés,12438,Estadio Ciudad de Valencia,Guillermo Cuadra,Informe del partido,
37,Dom,2022-05-15,19:30,Villarreal,1.2,1–2,2.6,Real Sociedad,16689,Estadio de la Cerámica,Pablo González,Informe del partido,
37,Dom,2022-05-15,19:30,Getafe,0.4,0–0,0.2,Barcelona,13072,Coliseum Alfonso Pérez,Jesús Gil,Informe del partido,
37,Dom,2022-05-15,19:30,Athletic Club,1.3,2–0,0.9,Osasuna,37869,San Mamés,Jorge Figueroa,Informe del partido,
37,Dom,2022-05-15,19:30,Atlético Madrid,1.2,1–1,0.7,Sevilla,58138,Estadio Wanda Metropolitano,José Sánchez,Informe del partido,
37,Dom,2022-05-15,19:30,Betis,1.9,2–0,1.3,Granada,45016,Estadio Benito Villamarín,Ricardo de Burgos,Informe del partido,
37,Dom,2022-05-15,19:30,Celta Vigo,2.1,1–0,0.6,Elche,10773,Estadio de Balaídos,Mario Melero,Informe del partido,
37,Dom,2022-05-15,19:30,Mallorca,0.8,2–1,1.3,Rayo Vallecano,17930,Iberostar Estadi,José Luis Munuera,Informe del partido,
37,Dom,2022-05-15,19:30,Cádiz,2.9,1–1,1.6,Real Madrid,19643,Estadio Nuevo Mirandilla,Antonio Matéu Lahoz,Informe del partido,
,,,,,,,,,,,,,
38,Vie,2022-05-20,21:00,Real Madrid,1.5,0–0,1.0,Betis,52232,Estadio Santiago Bernabéu,Santiago Jaime,Informe del partido,
38,Vie,2022-05-20,21:00,Rayo Vallecano,2.7,2–4,2.7,Levante,8446,Estadio del Rayo Vallecano,Mario Melero,Informe del partido,
38,Sáb,2022-05-21,17:30,Valencia,1.6,2–0,1.0,Celta Vigo,16189,Estadio de Mestalla,Adrián Cordero,Informe del partido,
38,Dom,2022-05-22,17:30,Elche,3.0,3–1,1.3,Getafe,17336,Estadio Manuel Martínez Valero,Guillermo Cuadra,Informe del partido,
38,Dom,2022-05-22,20:00,Osasuna,0.8,0–2,1.4,Mallorca,18717,Estadio El Sadar,César Soto,Informe del partido,
38,Dom,2022-05-22,20:00,Granada,2.0,0–0,0.5,Espanyol,17951,Estadio Nuevo Los Cármenes,Alejandro Hernández,Informe del partido,
38,Dom,2022-05-22,20:00,Alavés,0.6,0–1,1.8,Cádiz,11138,Estadio de Mendizorroza,José Sánchez,Informe del partido,
38,Dom,2022-05-22,22:00,Barcelona,0.9,0–2,0.7,Villarreal,54850,Camp Nou,José Luis Munuera,Informe del partido,
38,Dom,2022-05-22,22:00,Sevilla,1.4,1–0,1.0,Athletic Club,31305,Estadio Ramón Sánchez Pizjuán,Carlos del Cerro,Informe del partido,
38,Dom,2022-05-22,22:00,Real Sociedad,2.5,1–2,0.8,Atlético Madrid,23586,Estadio Municipal de Anoeta,Jesús Gil,Informe del partido,